Metric,Value
Accuracy,0.7386018237082067
Precision,0.7247279192204934
Recall,0.7386018237082067
F1 (weighted),0.7273680239218482
F1 (macro),0.624282182667209
